{
  "Pacientes": [
    {
      "nome": "Luis Barcos",
      "cidade": "Belo Horizonte",
      "email": "LuisBarcos111@org.com.br",
      "frequência de apostas": 3 vezes na semana,
      "telefone": "999999999",
      "valor apostado": "930$"
    },
    {
      "nome": "Carlos Eduardo",
      "cidade": "Natal",
      "email": "Carlos10@org.com.br",
      "frequência de apostas": 2 vezes na semana,
      "telefone": "988888888",
      "valor apostado": "200$"
    },
    {
      "nome": "João Ziraldo",
      "cidade": "Goiânia",
      "email": "joaoz14@org.com.br",
      "frequência de apostas": 7 vezes na semana,
      "telefone": "977777777",
      "valor apostado": "5.000$"
    },
    {
      "nome": "Fulano Souza",
      "cidade": "Manaus",
      "email": "fulanosouza@org.com.br",
      "frequência de apostas": 5 vezes na semana,
      "telefone": "966666666",
      "valor apostado": "9000$"
    },
    {
      "nome": "Sicrano da Costa",
      "cidade": "Curitiba",
      "email": "sicranocosta@org.com.br",
      "frequência de apostas": 6 vezes na semana,
      "telefone": "955555555",
      "valor apostado": "6500$"
    },
    {
      "nome": "Augusto Romanelli",
      "cidade": "Salvador",
      "email": "augustoromanelli@org.com.br",
      "frequência de apostas": 4 vezes na semana,
      "telefone": "944444444",
      "valor apostado": "500$"
    },
    {
      "nome": "Rafaela Oliveira",
      "cidade": "Campinas",
      "email": "rafaoliveira@org.com.br",
      "frequência de apostas": 3 vezes na semana,
      "telefone": "933333333",
      "valor apostado": "850$"
    },
  ]
}